globalcompanykey,primaryissuetagrestofworld,datayearfiscal,isocurrencycode,average_price,price_last_day
15618,01W,2013,ZAR,205.45727272727274,210.0
15618,01W,2014,ZAR,239.88000000000002,249.0
15618,01W,2015,ZAR,191.09043478260864,188.61
15618,01W,2016,ZAR,199.65164750957857,238.13
15781,01W,2013,ZAR,124.22727272727275,129.42
15781,01W,2014,ZAR,139.85,143.48
15781,01W,2015,ZAR,115.98130434782605,113.5
15781,01W,2016,ZAR,130.88509578544057,151.75
16183,01W,2013,ZAR,25.155499999999996,26.39
16183,01W,2014,ZAR,24.143809523809523,24.73
16183,01W,2015,ZAR,25.498181818181823,26.46
16183,01W,2016,ZAR,24.765454545454542,25.68
16183,01W,2017,ZAR,25.68547892720307,24.48
16305,01W,2013,ZAR,131.08363636363634,132.25
16305,01W,2014,ZAR,177.62434782608693,182.0
16305,01W,2015,ZAR,146.0086956521739,143.49
16305,01W,2016,ZAR,147.9562835249043,168.69
16356,01W,2013,ZAR,72.2025,78.0
16356,01W,2014,ZAR,79.30714285714286,79.92
16356,01W,2015,ZAR,117.02772727272728,121.0
16356,01W,2016,ZAR,122.09227272727271,129.89
16356,01W,2017,ZAR,122.93494252873566,116.75
16610,01W,2013,ZAR,379.3081818181818,393.91
16610,01W,2014,ZAR,335.71869565217384,341.12
16610,01W,2015,ZAR,180.2073913043478,185.34
16610,01W,2016,ZAR,346.0985057471265,264.41
17287,01W,2013,ZAR,12.033181818181818,12.3
17287,01W,2014,ZAR,20.958695652173912,22.55
17287,01W,2015,ZAR,22.74434782608695,22.85
17287,01W,2016,ZAR,47.09980842911876,25.39
17315,03W,2013,ZAR,161.956,149.76
17315,03W,2014,ZAR,188.78571428571428,187.03
17315,03W,2015,ZAR,91.94318181818181,82.73
17315,03W,2016,ZAR,69.92064885496183,92.0
17947,01W,2013,ZAR,35.00954545454546,32.89
17947,01W,2014,USD,3.563200931971304,3.7324295541300003
17947,01W,2015,USD,2.899129825476522,3.0110595906000004
17947,01W,2016,USD,4.461164368976554,3.1102390415700003
19824,01W,2013,USD,8.81707913745955,8.77060295916
19824,01W,2014,USD,6.9899331730395655,7.2565109091
19824,01W,2015,USD,7.393910279868262,7.581876589980001
19824,01W,2016,USD,14.899802267018512,10.886906927340002
24946,01W,2013,ZAR,21.862999999999996,22.17
24946,01W,2014,ZAR,26.25,26.25
24946,01W,2015,ZAR,29.561363636363634,30.15
24946,01W,2016,ZAR,24.454312977099224,22.64
25052,01W,2013,ZAR,119.65636363636364,121.6
25052,01W,2014,ZAR,123.68739130434784,122.69
25052,01W,2015,ZAR,116.55130434782608,115.18
25052,01W,2016,ZAR,120.29839080459767,111.0
60918,01W,2013,ZAR,38.76136363636362,37.3
60918,01W,2014,ZAR,25.444347826086954,26.41
60918,01W,2015,ZAR,4.6378260869565215,4.5
60918,01W,2016,ZAR,8.814942528735624,11.5
62997,01W,2013,ZAR,30.950952380952387,31.21
62997,01W,2014,ZAR,42.57318181818182,41.13
62997,01W,2015,ZAR,28.309545454545454,25.8
62997,01W,2016,ZAR,21.092022900763336,19.44
100166,01W,2013,ZAR,93.75619047619048,95.38
100166,01W,2014,ZAR,97.4509090909091,92.5
100166,01W,2015,ZAR,82.26772727272727,75.4
100166,01W,2016,ZAR,74.55912213740453,83.27
100434,01W,2013,ZAR,55.511,59.45
100434,01W,2014,ZAR,60.31333333333333,61.25
100434,01W,2015,ZAR,78.35863636363638,81.55
100434,01W,2016,ZAR,82.63408396946564,83.0
100465,01W,2013,ZAR,429.54050000000007,431.54
100465,01W,2014,ZAR,625.0085714285715,632.36
100465,01W,2015,ZAR,432.1136363636364,450.0
100465,01W,2016,ZAR,419.6627272727273,397.17
100465,01W,2017,ZAR,386.48222222222216,366.5
100767,01W,2013,ZAR,120.08545454545455,125.0
100767,01W,2014,ZAR,130.49565217391307,133.82
100767,01W,2015,ZAR,88.09565217391305,88.66
100767,01W,2016,ZAR,93.49501915708811,101.1
101112,01W,2013,ZAR,109.66238095238094,113.68
101112,01W,2014,ZAR,140.0490909090909,134.5
101112,01W,2015,ZAR,99.16826086956522,104.44
101112,01W,2016,ZAR,122.01501915708813,123.06
101933,05W,2013,ZAR,67.67095238095239,68.55
101933,05W,2014,ZAR,54.23095238095239,53.14
101933,05W,2015,ZAR,49.690909090909095,50.45
101933,05W,2016,ZAR,42.38227272727273,44.29
101933,05W,2017,ZAR,51.97482758620693,59.1
102016,01W,2013,ZAR,97.57,95.61
102016,01W,2014,ZAR,108.94095238095237,110.0
102016,01W,2015,ZAR,114.35954545454547,110.5
102016,01W,2016,ZAR,81.60885057471266,87.0
102035,02W,2013,ZAR,30.08238095238096,30.2
102035,02W,2014,ZAR,32.35045454545454,29.56
102035,02W,2015,ZAR,16.461111111111112,12.2
102035,02W,2016,ZAR,7.928429118773947,6.51
102039,01W,2013,ZAR,96.0865,93.0
102039,01W,2014,ZAR,112.03761904761907,106.88
102039,01W,2015,ZAR,59.053636363636365,54.3
102039,01W,2016,ZAR,41.37713740458016,47.2
102053,01W,2013,ZAR,68.02636363636363,69.0
102053,01W,2014,ZAR,68.68999999999998,70.4
102053,01W,2015,ZAR,41.55695652173913,44.5
102053,01W,2016,ZAR,37.218275862068985,28.5
102145,01W,2013,ZAR,84.86238095238096,84.24
102145,01W,2014,ZAR,73.39318181818182,74.0
102145,01W,2015,ZAR,94.37454545454544,96.4
102145,01W,2016,ZAR,113.23549618320611,114.02
102162,01W,2013,ZAR,72.59047619047621,72.66
102162,01W,2014,ZAR,64.88590909090908,59.47
102162,01W,2015,ZAR,63.59090909090908,61.0
102162,01W,2016,ZAR,65.85919847328245,61.1
102236,01W,2013,ZAR,23.7255,25.13
102236,01W,2014,ZAR,25.053809523809523,24.31
102236,01W,2015,ZAR,13.682727272727272,12.85
102236,01W,2016,ZAR,12.099545454545455,11.9
102236,01W,2017,ZAR,12.723831417624526,13.07
102265,01W,2013,ZAR,20.691363636363636,22.0
102265,01W,2014,ZAR,16.29173913043478,16.04
102265,01W,2015,ZAR,13.12608695652174,13.0
102265,01W,2016,ZAR,17.993180076628335,19.0
102277,02W,2013,ZAR,293.0780952380952,299.11
102277,02W,2014,ZAR,314.37500000000006,315.43
102277,02W,2015,ZAR,297.94772727272726,304.79
102277,02W,2016,ZAR,340.3924045801527,380.24
102341,01W,2013,ZAR,38.0415,35.75
102341,01W,2014,ZAR,30.417142857142853,31.15
102341,01W,2015,ZAR,16.595,15.59
102341,01W,2016,ZAR,51.74545454545455,52.47
102341,01W,2017,ZAR,38.59532567049807,21.68
102422,01W,2013,USD,1.7969522519528578,1.8016411057500001
102422,01W,2014,USD,3.2274835527722723,3.17374243104
102422,01W,2015,USD,2.947523768346818,3.0324652275000004
102422,01W,2016,USD,4.660837778989352,5.066000733
102445,01W,2013,ZAR,20.125,20.5
102445,01W,2014,ZAR,22.45,22.0
102445,01W,2015,ZAR,13.883333333333336,13.85
102445,01W,2016,ZAR,10.928084291187728,9.0
102448,02W,2013,ZAR,0.7761904761904762,0.75
102448,02W,2014,ZAR,1.0690909090909093,1.03
102448,02W,2015,ZAR,0.9252173913043482,0.95
102448,02W,2016,ZAR,0.9368965517241374,0.21
102494,01W,2013,ZAR,103.3833,103.65
102494,01W,2014,ZAR,96.2125,95.9
102494,01W,2015,ZAR,106.27666666666669,107.01
102494,01W,2016,ZAR,104.176679389313,108.5
102497,01W,2013,ZAR,95.72523809523811,107.15
102497,01W,2014,ZAR,174.54090909090905,180.57
102497,01W,2015,ZAR,135.13608695652175,141.44
102497,01W,2016,ZAR,148.3228735632184,154.49
102502,01W,2013,ZAR,38.1667,39.59
102502,01W,2014,ZAR,32.55478260869565,31.95
102502,01W,2015,ZAR,24.7095652173913,27.13
102502,01W,2016,ZAR,20.912988505747133,22.0
102543,01W,2013,ZAR,44.5725,45.14
102543,01W,2014,ZAR,56.497,52.82
102543,01W,2015,ZAR,56.91619047619048,56.34
102543,01W,2016,ZAR,69.70501915708806,69.45
102544,03W,2013,ZAR,23.949035000000002,24.02
102544,03W,2014,ZAR,17.814,18.4
102544,03W,2015,ZAR,5.6171428571428565,5.5
102544,03W,2016,ZAR,6.830727969348663,10.35
102572,02W,2013,ZAR,2.059104761904762,1.7412
102572,02W,2014,ZAR,1.210909090909091,1.09
102572,02W,2015,ZAR,5.877391304347829,5.9
102572,02W,2016,ZAR,5.696666666666664,5.5
103026,01W,2013,ZAR,15.627499999999998,15.5
103026,01W,2014,ZAR,16.249142857142854,15.8
103026,01W,2015,ZAR,17.314545454545453,17.25
103026,01W,2016,ZAR,14.135454545454543,13.9
103026,01W,2017,ZAR,14.038084291187745,15.24
103087,01W,2013,ZAR,5.967727272727274,6.0
103087,01W,2014,ZAR,3.9491304347826093,4.35
103087,01W,2015,ZAR,3.002173913043478,3.0
103087,01W,2016,ZAR,1.4772030651341015,1.15
104935,01W,2013,ZAR,31.547500000000003,32.25
104935,01W,2014,ZAR,45.9516238095238,45.8
104935,01W,2015,ZAR,39.51545454545455,37.98
104935,01W,2016,ZAR,23.998625954198467,17.8
146202,01W,2013,ZAR,143.14045454545456,146.46
146202,01W,2014,ZAR,104.57478260869566,103.5
146202,01W,2015,ZAR,44.02347826086957,44.04
146202,01W,2016,ZAR,77.97233716475094,89.5
152649,01W,2013,ZAR,32.45047619047619,33.65
152649,01W,2014,ZAR,77.2277272727273,79.2
152649,01W,2015,ZAR,55.765217391304354,57.57
152649,01W,2016,ZAR,65.43402298850576,75.03
200019,01W,2013,ZAR,27.612000000000002,28.93
200019,01W,2014,ZAR,40.429523809523815,40.75
200019,01W,2015,ZAR,52.24363636363636,53.32
200019,01W,2016,ZAR,47.27450381679392,44.84
200138,01W,2013,ZAR,84.82609,89.02
200138,01W,2014,ZAR,139.82,136.81
200138,01W,2015,ZAR,178.44285714285715,173.69
200138,01W,2016,ZAR,202.89103448275853,251.43
200148,01W,2013,ZAR,2.1155000000000004,2.06
200148,01W,2014,ZAR,2.4880619047619055,2.42
200148,01W,2015,ZAR,1.4836363636363636,1.51
200148,01W,2016,ZAR,1.2264885496183193,1.23
200233,01W,2013,ZAR,33.925,33.4
200233,01W,2014,ZAR,49.69428571428571,50.5
200233,01W,2015,ZAR,55.558181818181815,55.99
200233,01W,2016,ZAR,55.964503816793886,60.2
200316,01W,2013,ZAR,4.339999999999998,4.3
200316,01W,2014,ZAR,5.1125,5.25
200316,01W,2015,ZAR,3.75,3.75
200316,01W,2016,ZAR,3.6424137931034526,2.5
200333,01W,2013,ZAR,0.7644727272727274,0.82
200333,01W,2014,ZAR,0.9160869565217394,0.94
200333,01W,2015,ZAR,0.5752173913043479,0.68
200333,01W,2016,ZAR,0.9744827586206897,1.65
200613,01W,2013,ZAR,96.2375,97.0
200613,01W,2014,ZAR,111.83200000000002,112.0
200613,01W,2015,ZAR,113.2452380952381,115.6
200613,01W,2016,ZAR,138.74287356321824,154.5
200628,01W,2013,ZAR,23.649999999999995,23.9
200628,01W,2014,ZAR,12.578095238095237,13.52
200628,01W,2015,ZAR,10.16909090909091,11.15
200628,01W,2016,ZAR,12.802175572519086,14.49
201706,01W,2013,ZAR,5.9769999999999985,5.28
201706,01W,2014,ZAR,2.9419047619047625,3.05
201706,01W,2015,ZAR,2.258181818181818,2.34
201706,01W,2016,ZAR,4.1880534351145045,8.53
202546,01W,2013,ZAR,23.75904761904762,24.0
202546,01W,2014,ZAR,32.82636363636363,31.61
202546,01W,2015,ZAR,37.605454545454535,36.3
202546,01W,2016,ZAR,33.983358778625934,33.63
204211,01W,2013,ZAR,35.01899999999999,32.0
204211,01W,2014,ZAR,45.10285714285714,45.5
204211,01W,2015,ZAR,42.525000000000006,40.26
204211,01W,2016,ZAR,41.871818181818185,43.0
204211,01W,2017,ZAR,47.9177394636016,40.45
205038,01W,2013,ZAR,31.797727272727272,31.75
205038,01W,2014,ZAR,30.880434782608695,30.0
205038,01W,2015,ZAR,30.282047244094464,27.0
205826,01W,2013,ZAR,5.791999999999999,5.55
205826,01W,2014,ZAR,7.173842857142857,7.2
205826,01W,2015,ZAR,8.585454545454546,8.7
205826,01W,2016,ZAR,7.419351145038172,5.3
206059,02W,2013,ZAR,1234.6042857142859,1161.34
206059,02W,2014,ZAR,1739.9745454545455,1870.0
206059,02W,2015,USD,145.56425624847526,147.056725503
206059,02W,2016,USD,155.64710010733629,165.180164745
207089,03W,2013,ZAR,15.0,15.0
207089,03W,2014,ZAR,12.0,12.0
207089,03W,2015,ZAR,11.954545454545455,11.0
207089,03W,2016,ZAR,11.400763358778626,12.0
207125,01W,2013,ZAR,3.905909090909091,3.99
207125,01W,2014,ZAR,4.716956521739131,4.78
207125,01W,2015,ZAR,4.575217391304348,4.6
207125,01W,2016,ZAR,5.09605363984674,5.62
207132,01W,2013,ZAR,1.7127272727272724,2.0
207132,01W,2014,ZAR,1.2199999999999995,1.22
207132,01W,2015,ZAR,1.1552173913043478,1.09
207132,01W,2016,ZAR,0.5137931034482748,0.37
208127,01W,2013,ZAR,26.57333333333333,28.01
208127,01W,2014,ZAR,23.04090909090909,23.78
208127,01W,2015,ZAR,17.731145038167938,20.65
209949,01W,2013,ZAR,31.924,32.5
209949,01W,2014,ZAR,32.0505,31.58
209949,01W,2015,ZAR,16.627142857142854,14.95
209949,01W,2016,ZAR,15.751992337164735,16.52
209952,01W,2013,ZAR,321.8860000000001,320.0
209952,01W,2014,ZAR,352.9690476190476,356.66
209952,01W,2015,ZAR,109.91954545454543,103.5
209952,01W,2016,ZAR,175.4363636363636,180.01
209952,01W,2017,ZAR,210.21053639846744,194.86
209955,01W,2013,ZAR,237.6625,244.95
209955,01W,2014,ZAR,284.36571428571426,282.58
209955,01W,2015,ZAR,303.83409090909095,308.15
209955,01W,2016,ZAR,133.52,138.69
209955,01W,2017,ZAR,161.89011494252875,157.58
209961,01W,2013,ZAR,79.49619047619048,82.5
209961,01W,2014,ZAR,85.68181818181819,86.5
209961,01W,2015,ZAR,82.54347826086956,78.0
209961,01W,2016,ZAR,75.1607279693487,65.0
209964,01W,2013,ZAR,7.670999999999999,7.62
209964,01W,2014,ZAR,8.48534186046512,6.5
209964,01W,2015,ZAR,3.7839130434782615,4.0
209964,01W,2016,ZAR,2.7699999999999996,1.01
209972,01W,2013,ZAR,2.0823809523809533,2.06
209972,01W,2014,ZAR,2.41,2.45
209972,01W,2015,ZAR,1.4772727272727273,1.6
209972,01W,2016,ZAR,1.4709541984732828,1.51
209980,01W,2013,ZAR,27.142727272727267,28.03
209980,01W,2014,ZAR,21.690869565217387,22.4
209980,01W,2015,ZAR,11.630434782608695,11.29
209980,01W,2016,ZAR,11.68601532567049,13.45
209985,01W,2013,GBP,3.4314493058358404,3.622255933054093
209985,01W,2014,GBP,4.834428002484018,4.665670342027195
209985,01W,2015,GBP,5.610279862397601,5.622535015005735
209985,01W,2016,GBP,4.670481085493401,4.594385503787665
209987,01W,2013,ZAR,118.63420476190478,115.3
209987,01W,2014,ZAR,73.00681818181818,72.75
209987,01W,2015,ZAR,50.81521739130434,52.29
209987,01W,2016,ZAR,57.68210727969348,58.72
209995,01W,2013,ZAR,0.5549999999999999,0.6
209995,01W,2014,ZAR,0.2855,0.25
209995,01W,2015,ZAR,0.30619047619047607,0.3
209995,01W,2016,ZAR,0.23386973180076612,0.26
210044,01W,2013,ZAR,8.116172727272728,8.74
210044,01W,2014,ZAR,4.153913043478262,4.2
210044,01W,2015,ZAR,3.6104347826086967,3.54
210044,01W,2016,ZAR,2.9909195402298847,2.23
210051,01W,2013,ZAR,123.05199999999998,120.0
210051,01W,2014,ZAR,122.75403809523807,127.0
210051,01W,2015,ZAR,141.7618181818182,138.99
210051,01W,2016,ZAR,150.45136363636365,155.52
210051,01W,2017,ZAR,152.01406130268205,140.13
210057,01W,2013,USD,3.3255083966610006,3.35426330223
210057,01W,2014,USD,4.2985016219505,4.28469498615
210057,01W,2015,USD,3.1372509167057143,3.31644667704
210057,01W,2016,USD,3.406970924124252,3.89439887334
210060,01W,2013,ZAR,120.89649999999999,121.94
210060,01W,2014,ZAR,138.71761904761902,140.0
210060,01W,2015,ZAR,159.50999999999996,166.97
210060,01W,2016,ZAR,156.99045454545455,161.8
210060,01W,2017,ZAR,151.8746743295019,137.01
210073,01W,2013,ZAR,36.700500000000005,36.7
210073,01W,2014,ZAR,41.56571428571429,41.0
210073,01W,2015,ZAR,27.93227272727273,28.44
210073,01W,2016,ZAR,20.522272727272732,20.3
210073,01W,2017,ZAR,22.883639846743304,18.6
210081,01W,2013,ZAR,1.0365,0.99
210081,01W,2014,ZAR,0.8490476190476192,0.96
210081,01W,2015,ZAR,0.5472727272727274,0.56
210081,01W,2016,ZAR,0.6620229007633592,0.84
210092,01W,2013,ZAR,16.245454545454546,16.0
210092,01W,2014,ZAR,19.212380952380947,20.0
210092,01W,2015,ZAR,24.520952380952384,28.0
210092,01W,2016,ZAR,25.384923664122102,28.0
210095,01W,2013,ZAR,210.25714285714284,211.05
210095,01W,2014,ZAR,180.17590909090907,172.5
210095,01W,2015,ZAR,133.36304347826083,136.5
210095,01W,2016,ZAR,162.47938697318008,162.3
210625,02W,2013,ZAR,0.5755000000000001,0.62
210625,02W,2014,ZAR,0.20450000000000004,0.13
210625,02W,2015,ZAR,0.17616858237547878,0.23
211046,01W,2013,ZAR,8.060000000000002,7.8
211046,01W,2014,ZAR,7.512857142857143,7.41
211046,01W,2015,ZAR,7.791363636363636,7.85
211046,01W,2016,ZAR,9.830839694656477,10.25
211053,01W,2013,ZAR,125.322,133.0
211053,01W,2014,ZAR,135.51285714285717,125.0
211053,01W,2015,ZAR,291.9827272727273,301.0
211053,01W,2016,ZAR,349.8654545454546,355.0
211053,01W,2017,ZAR,369.6959003831419,350.0
211059,01W,2013,ZAR,12.3863,12.5
211059,01W,2014,ZAR,15.404999999999998,15.3
211059,01W,2015,ZAR,13.905238095238097,13.8
211059,01W,2016,ZAR,17.371072796934858,20.4
211061,01W,2013,ZAR,70.90238095238095,70.0
211061,01W,2014,ZAR,72.29545454545455,72.0
211061,01W,2015,ZAR,53.39913043478262,55.9
211061,01W,2016,ZAR,61.930804597701155,65.0
211104,01W,2013,ZAR,6.0055000000000005,6.0
211104,01W,2014,ZAR,8.521904761904763,8.55
211104,01W,2015,ZAR,11.329545454545453,11.6
211104,01W,2016,ZAR,12.122786259541977,13.7
211111,01W,2013,ZAR,3.142,3.29
211111,01W,2014,ZAR,3.9190714285714288,3.93
211111,01W,2015,ZAR,5.80409090909091,6.13
211111,01W,2016,ZAR,6.279545454545455,6.25
211111,01W,2017,ZAR,7.9532950191570935,8.13
211126,01W,2013,ZAR,25.59541428571429,25.32
211126,01W,2014,ZAR,26.824545454545454,27.6
211126,01W,2015,ZAR,22.414782608695656,23.64
211126,01W,2016,ZAR,28.176436781609205,27.64
211127,01W,2013,ZAR,194.9725,227.07
211127,01W,2014,ZAR,296.7952380952381,298.89
211127,01W,2015,ZAR,360.6945454545455,360.0
211127,01W,2016,ZAR,315.5429770992366,362.28
211148,02W,2013,ZAR,35.99571428571429,35.74
211148,02W,2014,ZAR,46.06045454545455,44.54
211148,02W,2015,ZAR,36.550000000000004,35.61
211148,02W,2016,ZAR,36.67129770992366,37.87
211161,01W,2013,ZAR,4.957142857142857,5.0
211161,01W,2014,ZAR,4.91,4.36
211161,01W,2015,ZAR,3.8995652173913053,4.4
211161,01W,2016,ZAR,4.35088122605364,4.5
211166,02W,2013,ZAR,174.78050000000002,185.5
211166,02W,2014,ZAR,157.8033333333333,154.0
211166,02W,2015,ZAR,161.9609090909091,173.5
211166,02W,2016,ZAR,166.31090909090912,166.32
211166,02W,2017,ZAR,190.92302681992322,199.38
211175,02W,2013,ZAR,151.3442857142857,157.41
211175,02W,2014,ZAR,256.675,260.01
211175,02W,2015,ZAR,175.0052173913043,177.43
211175,02W,2016,ZAR,175.5508429118775,159.9
211188,01W,2013,ZAR,16.9945,17.0
211188,01W,2014,ZAR,17.25428571428571,17.2
211188,01W,2015,ZAR,18.779545454545456,19.0
211188,01W,2016,ZAR,23.481818181818188,23.6
211188,01W,2017,ZAR,27.801532567049804,26.5
211202,01W,2013,ZAR,4.215000000000001,4.1
211202,01W,2014,ZAR,4.474766666666667,4.7
211202,01W,2015,ZAR,5.92409090909091,5.6
211202,01W,2016,ZAR,5.032137404580163,5.25
211592,01W,2013,ZAR,20.128413636363636,20.0
211592,01W,2014,ZAR,9.676521739130436,10.0
211592,01W,2015,ZAR,8.686956521739129,8.75
211592,01W,2016,ZAR,11.04551724137933,12.1
211603,01W,2013,ZAR,198.03599999999997,209.86
211603,01W,2014,ZAR,198.59999999999997,200.0
211603,01W,2015,ZAR,181.73227272727271,185.5
211603,01W,2016,ZAR,149.81818181818184,149.48
211603,01W,2017,ZAR,167.4774329501915,161.0
211607,01W,2013,ZAR,150.56300000000002,153.99
211607,01W,2014,ZAR,131.57285714285712,127.0
211607,01W,2015,ZAR,107.10409090909091,99.0
211607,01W,2016,ZAR,114.17889312977101,125.82
211610,01W,2013,ZAR,185.7027272727273,186.28
211610,01W,2014,ZAR,213.0191304347826,215.0
211610,01W,2015,ZAR,193.93391304347827,189.5
211610,01W,2016,ZAR,223.17670498084283,234.0
211613,01W,2013,ZAR,5.0615000000000006,5.4
211613,01W,2014,ZAR,8.956500000000002,9.0
211613,01W,2015,ZAR,6.85904761904762,7.0
211613,01W,2016,ZAR,7.845670498084282,9.2
211617,01W,2013,ZAR,3.7734999999999985,3.6
211617,01W,2014,ZAR,3.5585714285714287,3.5
211617,01W,2015,ZAR,2.6890909090909094,2.7
211617,01W,2016,ZAR,2.3541984732824393,2.5
211655,01W,2013,ZAR,202.0368181818182,217.02
211655,01W,2014,ZAR,217.20304347826087,221.41
211655,01W,2015,ZAR,136.84217391304347,132.89
211655,01W,2016,ZAR,128.71375478927195,126.17
211658,01W,2013,ZAR,4.6675,4.75
211658,01W,2014,ZAR,4.923333333333333,4.8
211658,01W,2015,ZAR,4.556363636363636,4.54
211658,01W,2016,ZAR,4.564389312977101,4.8
211666,01W,2013,ZAR,0.23819047619047623,0.21
211666,01W,2014,ZAR,0.19363636363636366,0.17
211666,01W,2015,ZAR,0.20427480916030505,0.16
211674,02W,2013,ZAR,13.605459999999997,13.7
211674,02W,2014,ZAR,18.9625,18.5
211674,02W,2015,GBP,1.4391888306088358,1.4452194468573814
211674,02W,2016,GBP,1.3027561869896056,1.0640408362489246
212241,01W,2013,ZAR,23.025499999999997,23.15
212241,01W,2014,ZAR,29.785714285714285,30.45
212241,01W,2015,ZAR,31.385454545454547,31.53
212241,01W,2016,ZAR,40.47272727272727,39.35
212241,01W,2017,ZAR,38.55781609195403,36.9
212424,01W,2013,ZAR,0.565,0.5
212424,01W,2014,ZAR,0.5609523809523811,0.57
212424,01W,2015,ZAR,0.41545454545454547,0.47
212424,01W,2016,ZAR,0.3657633587786255,0.25
212425,01W,2013,ZAR,42.63045454545455,45.0
212425,01W,2014,ZAR,40.7308695652174,42.49
212425,01W,2015,ZAR,26.227826086956522,27.0
212425,01W,2016,ZAR,27.980651340996193,30.59
212533,01W,2013,ZAR,0.07000000000000005,0.07
212533,01W,2014,ZAR,0.2165217391304348,0.18
212533,01W,2015,ZAR,0.14793103448275885,0.0
212633,01W,2013,ZAR,2.4875,2.5
212633,01W,2014,ZAR,0.7645,0.72
212633,01W,2015,ZAR,0.20285714285714293,0.15
212633,01W,2016,ZAR,0.17436781609195395,0.16
212636,01W,2013,ZAR,20.350499999999997,20.55
212636,01W,2014,ZAR,23.9185,22.85
212636,01W,2015,ZAR,23.853809523809527,23.35
212636,01W,2016,ZAR,31.93023622047245,0.0
213098,01W,2013,ZAR,56.874545454545455,54.83
213098,01W,2014,ZAR,66.45142857142858,69.15
213098,01W,2015,ZAR,92.95666666666666,91.54
213098,01W,2016,ZAR,102.11393129770991,121.1
218003,01W,2013,ZAR,65.148,64.41
218003,01W,2014,ZAR,76.60428571428572,78.15
218003,01W,2015,ZAR,94.69818181818182,98.6
218003,01W,2016,ZAR,82.48000000000002,84.02
218003,01W,2017,ZAR,73.90118773946361,61.65
221274,01W,2013,ZAR,142.24666666666664,149.5
221274,01W,2014,ZAR,147.85545454545456,145.0
221274,01W,2015,ZAR,106.23434782608695,112.02
221274,01W,2016,ZAR,128.90804597701148,141.85
221777,01W,2013,ZAR,2.134545454545455,2.06
221777,01W,2014,ZAR,2.0817391304347823,2.3
221777,01W,2015,ZAR,2.3086956521739124,2.3
221777,01W,2016,ZAR,2.2616858237547866,2.4
222143,01W,2013,ZAR,3.8029095238095243,3.95
222143,01W,2014,ZAR,3.2413636363636367,3.16
222143,01W,2015,ZAR,3.4295652173913047,3.55
222143,01W,2016,ZAR,4.068122605363982,4.07
223145,01W,2013,ZAR,17.4185,17.85
223145,01W,2014,ZAR,15.354285714285718,15.6
223145,01W,2015,ZAR,18.703181818181818,18.65
223145,01W,2016,ZAR,13.478181818181817,13.63
223145,01W,2017,ZAR,12.792413793103444,12.0
225136,01W,2013,ZAR,51.2,53.24
225136,01W,2014,ZAR,68.66521739130435,70.0
225136,01W,2015,ZAR,57.42608695652173,60.54
225136,01W,2016,ZAR,62.29862068965517,62.9
226899,01W,2013,ZAR,81.583,86.95
226899,01W,2014,ZAR,75.06095238095239,74.99
226899,01W,2015,ZAR,83.33363636363636,85.7
226899,01W,2016,ZAR,91.80818181818182,85.8
226899,01W,2017,ZAR,79.55126436781603,71.5
229436,01W,2013,ZAR,28.805,29.9
229436,01W,2014,ZAR,22.837142857142858,23.15
229436,01W,2015,ZAR,7.219545454545454,5.75
229436,01W,2016,ZAR,3.846374045801529,3.51
237401,01W,2013,ZAR,2.6529999999999996,2.65
237401,01W,2014,ZAR,4.627600000000001,4.48
237401,01W,2015,ZAR,4.695454545454546,4.3
237401,01W,2016,ZAR,3.060305343511447,3.1
238524,01W,2013,ZAR,17.681809523809523,18.76
238524,01W,2014,ZAR,25.002272727272725,25.98
238524,01W,2015,ZAR,28.080000000000002,27.25
238524,01W,2016,ZAR,28.512528735632188,27.46
240200,01W,2013,ZAR,0.08100000000000002,0.09
240200,01W,2014,ZAR,0.07700000000000001,0.08
240200,01W,2015,ZAR,0.031904761904761915,0.02
240200,01W,2016,ZAR,0.19567049808429113,0.75
240204,01W,2013,ZAR,6.568636363636363,6.57
240204,01W,2014,ZAR,8.904782608695653,8.7
240204,01W,2015,ZAR,13.64521739130435,14.56
240204,01W,2016,ZAR,15.24593869731801,17.17
240209,01W,2013,ZAR,0.12000000000000006,0.12
240209,01W,2014,ZAR,0.23809523809523828,0.23
240209,01W,2015,ZAR,0.3577272727272728,0.33
240209,01W,2016,ZAR,0.3972519083969439,0.38
240218,01W,2013,ZAR,4.320850000000001,4.4
240218,01W,2014,ZAR,3.3579999999999997,3.38
240218,01W,2015,ZAR,4.345172413793101,4.3
240219,01W,2013,ZAR,1.4470454545454547,1.51
240219,01W,2014,ZAR,1.6109523809523811,1.62
240219,01W,2015,ZAR,2.3236363636363637,2.2
240219,01W,2016,ZAR,2.728282442748091,2.75
240224,01W,2013,ZAR,0.20227272727272727,0.22
240224,01W,2014,ZAR,0.32000952380952385,0.33
240224,01W,2015,ZAR,0.491904761904762,0.48
240224,01W,2016,ZAR,0.659694656488549,0.62
240225,01W,2013,ZAR,1.9940000000000002,1.92
240225,01W,2014,ZAR,2.2028571428571433,2.3
240225,01W,2015,ZAR,2.658430651340996,4.1
240227,01W,2013,ZAR,7.105500000000001,7.0
240227,01W,2014,ZAR,4.9815,5.0
240227,01W,2015,ZAR,3.932413793103442,4.05
240228,01W,2013,ZAR,80.20049999999999,84.06
240228,01W,2014,ZAR,92.05142857142859,97.15
240228,01W,2015,ZAR,121.61681818181819,126.47
240228,01W,2016,ZAR,128.793282442748,122.5
240231,01W,2013,ZAR,0.13954545454545456,0.13
240231,01W,2014,ZAR,0.18695652173913047,0.2
240231,01W,2015,ZAR,0.23391304347826097,0.24
240231,01W,2016,ZAR,0.1810727969348657,0.14
240238,02W,2013,ZAR,13.585,14.0
240238,02W,2014,ZAR,15.839999999999998,16.5
240238,02W,2015,ZAR,12.713043478260866,12.7
240238,02W,2016,ZAR,11.97865900383141,12.0
240240,01W,2013,ZAR,0.186,0.17
240240,01W,2014,ZAR,0.11550000000000005,0.13
240240,01W,2015,ZAR,0.4385714285714285,0.45
240240,01W,2016,ZAR,0.3978927203065139,0.4
240244,01W,2013,ZAR,55.54260869565216,59.0
240244,01W,2014,ZAR,92.97695652173913,94.2
240244,01W,2015,ZAR,162.59608695652173,172.34
240244,01W,2016,ZAR,143.24926923076927,141.7
240272,01W,2013,ZAR,0.6794999999999999,0.69
240272,01W,2014,ZAR,0.465,0.5
240272,01W,2015,ZAR,0.3276190476190475,0.35
240272,01W,2016,ZAR,0.4190421455938697,0.61
240279,01W,2013,ZAR,4.685714285714287,4.65
240279,01W,2014,ZAR,5.690909090909093,5.7
240279,01W,2015,ZAR,8.844545454545456,8.9
240279,01W,2016,ZAR,10.587022900763337,9.25
240280,01W,2013,ZAR,2.5115000000000003,2.35
240280,01W,2014,ZAR,7.816838095238095,7.74
240280,01W,2015,ZAR,8.633181818181814,8.42
240280,01W,2016,ZAR,12.427727272727275,12.42
240280,01W,2017,ZAR,13.264482758620693,9.68
240282,01W,2013,ZAR,1.9769999999999999,1.97
240282,01W,2014,ZAR,2.284761904761905,2.25
240282,01W,2015,ZAR,2.079090909090909,1.9
240282,01W,2016,ZAR,1.6664122137404582,1.3
240317,01W,2013,ZAR,9.62925,9.3
240317,01W,2014,ZAR,18.62590909090909,18.5
240317,01W,2015,ZAR,9.927391304347825,10.0
240317,01W,2016,ZAR,10.130114942528728,10.45
240319,01W,2013,ZAR,135.58045454545456,130.0
240319,01W,2014,ZAR,141.58434782608694,142.8
240319,01W,2015,ZAR,105.46130434782609,100.0
240319,01W,2016,ZAR,120.29210727969354,126.16
240327,01W,2013,ZAR,1.5264399999999998,1.72
240327,01W,2014,ZAR,3.7145,3.48
240327,01W,2015,ZAR,4.0842857142857145,4.02
240327,01W,2016,ZAR,3.8336015325670503,3.45
240329,01W,2013,ZAR,0.54,0.51
240329,01W,2014,ZAR,0.352552380952381,0.39
240329,01W,2015,ZAR,0.3572727272727272,0.45
240329,01W,2016,ZAR,0.3347709923664129,0.25
240342,01W,2013,ZAR,3.9650000000000007,4.19
240342,01W,2014,ZAR,4.951428571428572,5.01
240342,01W,2015,ZAR,3.4827272727272724,3.1
240342,01W,2016,ZAR,3.106091954022988,3.0
240351,01W,2013,ZAR,0.26809523809523794,0.35
240351,01W,2014,ZAR,0.3063636363636363,0.3
240351,01W,2015,ZAR,0.40000000000000013,0.4
240351,01W,2016,ZAR,0.530114942528736,0.5
240354,01W,2013,ZAR,0.429,0.42
240354,01W,2014,ZAR,0.7154999999999998,0.7
240354,01W,2015,ZAR,1.2499999999999998,1.25
240354,01W,2016,ZAR,0.8740996168582391,0.55
240358,01W,2013,ZAR,0.734,0.75
240358,01W,2014,ZAR,0.6689999999999999,0.69
240358,01W,2015,ZAR,0.7947619047619048,0.82
240358,01W,2016,ZAR,1.1596168582375466,1.45
240362,01W,2013,ZAR,0.4831818181818182,0.5
240362,01W,2014,ZAR,0.7228428571428572,0.83
240362,01W,2015,ZAR,2.5423809523809524,2.7
240362,01W,2016,ZAR,2.9944274809160305,2.95
240372,01W,2013,ZAR,28.6365,27.39
240372,01W,2014,ZAR,31.868647619047618,32.27
240372,01W,2015,ZAR,36.858636363636364,36.67
240372,01W,2016,ZAR,32.43759541984733,30.9
240377,01W,2013,ZAR,0.819,0.5
240377,01W,2014,ZAR,0.889047619047619,0.9
240377,01W,2015,ZAR,1.6909090909090907,1.6
240377,01W,2016,ZAR,1.8774427480916012,2.55
240384,01W,2013,ZAR,2.920952380952381,3.25
240384,01W,2014,ZAR,2.3936363636363627,2.5
240384,01W,2015,ZAR,2.6367557251908433,3.2
240396,01W,2013,ZAR,5.259,5.22
240396,01W,2014,ZAR,4.761999999999999,4.68
240396,01W,2015,ZAR,3.0952380952380945,2.9
240396,01W,2016,ZAR,3.047126436781608,3.25
240398,01W,2013,ZAR,0.10181818181818185,0.1
240398,01W,2014,ZAR,1.2971428571428572,1.65
240398,01W,2015,ZAR,2.554285714285714,2.38
240398,01W,2016,ZAR,1.7930152671755721,1.57
240403,01W,2013,ZAR,0.7814285714285713,0.79
240403,01W,2014,ZAR,0.6286363636363634,0.6
240403,01W,2015,ZAR,0.6836363636363635,0.7
240403,01W,2016,ZAR,0.9221374045801533,0.75
240519,01W,2013,ZAR,183.16549999999995,189.95
240519,01W,2014,ZAR,223.46666666666667,230.0
240519,01W,2015,ZAR,246.63136363636357,255.94
240519,01W,2016,ZAR,252.4715648854963,254.66
246277,01W,2013,ZAR,93.63666666666667,95.0
246277,01W,2014,ZAR,149.17772727272725,152.25
246277,01W,2015,ZAR,176.2790909090909,174.14
246277,01W,2016,ZAR,125.44419847328243,117.75
249900,01W,2013,ZAR,0.050500000000000024,0.05
249900,01W,2014,ZAR,0.05300000000000001,0.05
249900,01W,2015,ZAR,0.06302681992337174,0.05
251060,01W,2013,ZAR,0.05000000000000001,0.05
251060,01W,2014,ZAR,0.042380952380952394,0.05
251060,01W,2015,ZAR,0.03551724137931029,0.02
251924,01W,2013,ZAR,187.56349999999998,183.75
251924,01W,2014,ZAR,396.3445,410.0
251924,01W,2015,ZAR,481.99523809523816,474.0
251924,01W,2016,ZAR,626.8907662835252,725.0
255227,01W,2013,ZAR,12.916956521739133,12.99
255227,01W,2014,ZAR,19.805130434782605,19.95
255227,01W,2015,ZAR,18.40869565217391,19.9
255227,01W,2016,ZAR,19.87207692307691,21.0
257383,01W,2013,ZAR,67.21761904761905,68.6
257383,01W,2014,ZAR,101.39727272727274,96.65
257383,01W,2015,ZAR,70.64363636363635,65.29
257383,01W,2016,ZAR,66.10263358778626,70.24
258732,01W,2013,ZAR,10.249895454545456,10.37
258732,01W,2014,ZAR,9.547391304347826,9.75
258732,01W,2015,ZAR,8.471739130434784,8.99
258732,01W,2016,ZAR,9.023218390804592,9.25
264030,01W,2013,ZAR,9.436363636363636,9.16
264030,01W,2014,ZAR,9.627142857142857,9.56
264030,01W,2015,ZAR,11.421428571428573,11.48
264030,01W,2016,ZAR,10.992633587786255,11.02
271087,01W,2013,ZAR,121.21190476190475,121.2
271087,01W,2014,ZAR,127.68363636363638,125.58
271087,01W,2015,ZAR,184.89681818181816,185.0
271087,01W,2016,ZAR,194.4259160305344,192.22
271141,01W,2013,ZAR,57.9452380952381,58.0
271141,01W,2014,ZAR,80.38045454545455,77.4
271141,01W,2015,ZAR,49.074782608695664,47.0
271141,01W,2016,ZAR,42.90306513409963,41.5
273817,01W,2013,ZAR,0.11649999999999998,0.1
273817,01W,2014,ZAR,0.11150000000000004,0.12
273817,01W,2015,ZAR,0.08809523809523813,0.08
273817,01W,2016,ZAR,0.20720306513409972,0.3
274950,01W,2013,ZAR,0.7894136363636364,0.79
274950,01W,2014,ZAR,0.8178260869565217,0.82
274950,01W,2015,ZAR,0.4404347826086958,0.41
274950,01W,2016,ZAR,0.5267816091954022,0.76
275786,01W,2013,ZAR,0.4575,0.35
275786,01W,2014,ZAR,0.22600000000000003,0.2
275786,01W,2015,ZAR,0.23523809523809533,0.23
275786,01W,2016,ZAR,0.34478927203065135,0.32
278271,02W,2013,ZAR,5.360999999999999,5.2
278271,02W,2014,ZAR,5.173809523809524,5.2
278271,02W,2015,ZAR,2.075454545454546,2.1
278271,02W,2016,ZAR,8.303141762452105,13.9
278391,01W,2013,ZAR,88.29863636363638,89.73
278391,01W,2014,ZAR,116.17869565217389,121.0
278391,01W,2015,ZAR,126.51347826086956,128.0
278391,01W,2016,ZAR,156.67896551724138,164.27
281454,01W,2013,ZAR,12.832420000000003,12.89
281454,01W,2014,ZAR,16.289,16.55
281454,01W,2015,ZAR,22.444285714285712,24.22
281454,01W,2016,ZAR,24.516091954022976,30.41
281544,01W,2013,ZAR,415.3118181818182,443.45
281544,01W,2014,ZAR,242.0486956521739,239.9
281544,01W,2015,ZAR,36.89434782608696,41.2
281544,01W,2016,ZAR,107.96340996168577,159.0
281593,01W,2013,ZAR,0.5,0.5
281593,01W,2014,ZAR,0.5891304347826091,0.55
281593,01W,2015,ZAR,1.307826086956522,1.3
281593,01W,2016,ZAR,1.5379310344827555,2.19
281651,01W,2013,ZAR,0.8254999999999999,0.85
281651,01W,2014,ZAR,0.579047619047619,0.56
281651,01W,2015,ZAR,0.4904545454545455,0.5
281651,01W,2016,ZAR,0.6695419847328254,0.8
281733,01W,2013,ZAR,1.726341463414634,2.65
281733,01W,2014,ZAR,1.9409090909090914,2.0
281733,01W,2015,ZAR,1.2439130434782613,1.45
281733,01W,2016,ZAR,1.387203065134099,1.35
281736,01W,2013,ZAR,4.0562000000000005,4.09
281736,01W,2014,ZAR,7.623,7.6
281736,01W,2015,ZAR,5.10095238095238,5.35
281736,01W,2016,ZAR,6.767739463601535,7.44
281796,01W,2013,ZAR,0.0175,0.02
281796,01W,2014,ZAR,0.017000000000000005,0.01
281796,01W,2015,ZAR,0.020000000000000004,0.02
281796,01W,2016,ZAR,0.017432950191570824,0.01
282456,01W,2013,ZAR,0.8150000000000002,0.78
282456,01W,2014,ZAR,1.862857142857143,1.9
282456,01W,2015,ZAR,2.246666666666667,2.18
282456,01W,2016,ZAR,2.0246564885496148,1.85
282867,01W,2013,ZAR,0.07650000000000001,0.06
282867,01W,2014,ZAR,5.954761904761905,5.05
282867,01W,2015,ZAR,3.7673563218390766,2.7
282897,01W,2013,ZAR,1.2909090909090912,1.28
282897,01W,2014,ZAR,1.0834782608695654,1.1
282897,01W,2015,ZAR,0.4534782608695652,0.45
282897,01W,2016,ZAR,0.4248659003831418,0.46
283460,01W,2013,ZAR,22.897275,21.8355
283460,01W,2014,ZAR,19.814999999999998,20.71
283460,01W,2015,ZAR,15.214285714285714,16.0
283460,01W,2016,ZAR,21.47053639846744,24.51
284363,01W,2013,ZAR,0.6015000000000003,0.56
284363,01W,2014,ZAR,0.9985714285714282,0.9
284363,01W,2015,ZAR,1.33590909090909,1.38
284363,01W,2016,ZAR,1.1947709923664123,1.2
284735,01W,2013,ZAR,6.159499999999999,5.85
284735,01W,2014,ZAR,3.994761904761904,3.92
284735,01W,2015,ZAR,2.9677272727272723,2.81
284735,01W,2016,ZAR,3.0538931297709917,2.99
284907,01W,2013,ZAR,0.30999999999999994,0.34
284907,01W,2014,ZAR,0.394,0.41
284907,01W,2015,ZAR,0.711904761904762,0.71
284907,01W,2016,ZAR,1.0374712643678161,1.25
285017,01W,2013,ZAR,1.1309090909090913,1.14
285017,01W,2014,ZAR,1.3456521739130434,1.4
285017,01W,2015,ZAR,0.9982608695652171,1.1
285017,01W,2016,ZAR,0.8981609195402289,1.1
285029,01W,2013,ZAR,2.934505,3.06
285029,01W,2014,ZAR,3.0065,3.21
285029,01W,2015,ZAR,3.4738095238095235,3.35
285029,01W,2016,ZAR,2.886360153256705,2.75
285081,01W,2013,ZAR,4.867140909090909,5.15
285081,01W,2014,ZAR,7.516956521739131,8.1
285081,01W,2015,ZAR,5.519565217391303,5.38
285081,01W,2016,ZAR,5.618237547892719,5.35
285170,01W,2013,EUR,8.629149768522591,9.461316782098583
285170,01W,2014,EUR,10.83905488076374,10.782225536445157
285170,01W,2015,EUR,20.694919978445103,20.644413214887006
285170,01W,2016,EUR,18.56813653335968,18.397532847195873
285256,01W,2013,ZAR,0.11599999999999999,0.13
285256,01W,2014,ZAR,0.07550000000000003,0.06
285256,01W,2015,ZAR,0.08047619047619049,0.06
285256,01W,2016,ZAR,0.08662835249042122,0.08
285645,01W,2013,ZAR,9.817,9.7
285645,01W,2014,ZAR,5.2125,5.0
285645,01W,2015,ZAR,3.5690476190476184,3.45
285645,01W,2016,ZAR,4.319693486590041,4.4
285691,01W,2013,ZAR,0.8960000000000001,0.85
285691,01W,2014,ZAR,2.139500000000001,2.1
285691,01W,2015,ZAR,4.723809523809523,5.05
285691,01W,2016,ZAR,6.325900383141766,8.5
286004,01W,2013,ZAR,4.193654545454546,4.15
286004,01W,2014,ZAR,1.2022727272727272,1.2
286004,01W,2015,ZAR,0.6976190476190476,0.68
286004,01W,2016,ZAR,0.32353846153846105,0.22
286093,01W,2013,ZAR,0.21999999999999997,0.22
286093,01W,2014,ZAR,0.18050000000000005,0.15
286093,01W,2015,ZAR,0.10857142857142861,0.1
286093,01W,2016,ZAR,0.1321839080459772,0.11
286113,01W,2013,ZAR,0.12181818181818183,0.14
286113,01W,2014,ZAR,0.10086956521739134,0.09
286113,01W,2015,ZAR,0.8778927203065126,0.83
286960,01W,2013,ZAR,0.625695238095238,0.5596
286960,01W,2014,ZAR,0.5663636363636364,0.59
286960,01W,2015,ZAR,0.45003816793893164,0.36
287252,01W,2013,ZAR,5.0495238095238095,4.6
287252,01W,2014,ZAR,3.3040909090909096,3.29
287252,01W,2015,ZAR,2.3286956521739124,2.36
287252,01W,2016,ZAR,3.1562835249042145,3.4
287271,01W,2013,ZAR,9.205454545454545,9.35
287271,01W,2014,ZAR,8.241904761904763,8.08
287271,01W,2015,ZAR,16.182272727272725,15.7
287271,01W,2016,ZAR,18.21467432950192,15.7
287290,01W,2013,ZAR,1.1000000000000003,1.1
287290,01W,2014,ZAR,1.0199999999999998,1.02
287290,01W,2015,ZAR,1.5,1.5
287290,01W,2016,ZAR,1.2419923371647485,1.2
287301,01W,2013,ZAR,6.462210000000001,6.88
287301,01W,2014,ZAR,13.775000000000002,13.29
287301,01W,2015,ZAR,18.382380952380952,18.2
287301,01W,2016,ZAR,18.664022988505742,17.5
287377,01W,2013,ZAR,4.3945,4.65
287377,01W,2014,ZAR,6.542857142857143,6.71
287377,01W,2015,ZAR,5.985454545454545,6.0
287377,01W,2016,ZAR,5.545454545454546,5.5
287377,01W,2017,ZAR,6.089999999999996,6.3
287409,01W,2013,ZAR,2.1663050000000004,2.27
287409,01W,2014,ZAR,1.274,1.3
287409,01W,2015,ZAR,1.2771428571428574,1.25
287409,01W,2016,ZAR,1.6319157088122618,2.0
287424,01W,2013,ZAR,19.983181818181816,19.4
287424,01W,2014,ZAR,31.259952380952384,31.26
287424,01W,2015,ZAR,31.630000000000006,32.7
287424,01W,2016,ZAR,29.362213740458,25.7
287447,01W,2013,ZAR,1.788181818181818,1.9
287447,01W,2014,ZAR,1.687826086956522,1.7
287447,01W,2015,ZAR,1.6000000000000005,1.6
287447,01W,2016,ZAR,1.7267049808429051,2.2
288519,01W,2013,ZAR,0.5615,0.5
288519,01W,2014,ZAR,0.5605000000000003,0.56
288519,01W,2015,ZAR,1.0647619047619048,1.1
288519,01W,2016,ZAR,1.1234482758620687,1.07
288695,01W,2013,ZAR,2.685714285714286,2.52
288695,01W,2014,ZAR,2.0327272727272723,2.0
288695,01W,2015,ZAR,0.9571755725190833,0.56
288698,01W,2013,ZAR,82.87904761904761,87.5
288698,01W,2014,ZAR,120.1641,118.0
288698,01W,2015,ZAR,195.50954545454545,195.76
288698,01W,2016,ZAR,163.89816793893127,173.87
288811,01W,2013,ZAR,6.109499999999999,6.07
288811,01W,2014,ZAR,6.859009523809525,6.6
288811,01W,2015,ZAR,3.313181818181818,2.65
288811,01W,2016,ZAR,2.317824427480915,2.6
288883,01W,2013,ZAR,11.364,11.3
288883,01W,2014,ZAR,17.87885714285714,17.59
288883,01W,2015,ZAR,16.875,16.25
288883,01W,2016,ZAR,14.661363636363637,15.0
288883,01W,2017,ZAR,16.16593869731799,16.1
288986,01W,2013,ZAR,3.4685,3.6
288986,01W,2014,ZAR,6.061857142857144,5.92
288986,01W,2015,ZAR,5.953181818181819,5.85
288986,01W,2016,ZAR,4.500343511450381,3.5
289223,01W,2013,ZAR,0.6869999999999998,0.68
289223,01W,2014,ZAR,3.4306238095238095,3.34
289223,01W,2015,ZAR,2.163636363636364,2.19
289223,01W,2016,ZAR,1.8080152671755714,2.1
291962,01W,2013,ZAR,1.6163636363636362,1.63
291962,01W,2014,ZAR,3.165714285714285,3.3
291962,01W,2015,ZAR,4.542857142857143,4.2
291962,01W,2016,ZAR,5.009198473282444,6.8
292072,01W,2013,ZAR,125.86952380952383,129.99
292072,01W,2014,ZAR,132.37045454545458,132.69
292072,01W,2015,ZAR,151.94695652173917,160.53
292072,01W,2016,ZAR,155.61996168582365,152.0
292639,01W,2013,ZAR,6.699047619047618,6.73
292639,01W,2014,ZAR,8.754545454545452,9.44
292639,01W,2015,ZAR,4.439565217391304,4.5
292639,01W,2016,ZAR,3.5436015325670507,2.9
294998,01W,2013,ZAR,1.9323952380952378,2.05
294998,01W,2014,ZAR,1.8845454545454545,1.97
294998,01W,2015,ZAR,1.1017391304347826,1.53
294998,01W,2016,ZAR,2.03448275862069,2.28
294999,01W,2013,ZAR,3.6895000000000002,3.75
294999,01W,2014,ZAR,3.1975,3.29
294999,01W,2015,ZAR,2.4490476190476196,2.1
294999,01W,2016,ZAR,2.150842911877393,1.79
295796,01W,2013,ZAR,59.028181818181814,59.0
295796,01W,2014,ZAR,52.02043478260871,52.71
295796,01W,2015,ZAR,25.289565217391303,26.65
295796,01W,2016,ZAR,41.375287356321856,35.61
296273,01W,2013,ZAR,17.343999999999994,16.65
296273,01W,2014,ZAR,17.592380952380953,16.81
296273,01W,2015,ZAR,17.813636363636366,17.6
296273,01W,2016,ZAR,17.950458015267177,18.51
296962,01W,2013,ZAR,23.813499999999998,25.2
296962,01W,2014,ZAR,32.759047619047614,32.78
296962,01W,2015,ZAR,42.37318181818182,42.47
296962,01W,2016,ZAR,40.970725190839666,41.2
297991,01W,2013,ZAR,26.321586363636357,27.8
297991,01W,2014,ZAR,27.509130434782605,29.0
297991,01W,2015,ZAR,52.68304347826086,57.79
297991,01W,2016,ZAR,43.37199233716477,50.2
298289,01W,2013,ZAR,27.104545454545452,26.9
298289,01W,2014,ZAR,35.93304347826086,36.75
298289,01W,2015,ZAR,44.80913043478262,46.94
298289,01W,2016,ZAR,37.566168582375504,28.25
298363,01W,2013,ZAR,39.657259999999994,39.3
298363,01W,2014,ZAR,51.9535,53.2
298363,01W,2015,ZAR,51.23904761904762,52.0
298363,01W,2016,ZAR,59.118850574712646,61.22
310887,01W,2013,ZAR,6.766666666666667,6.91
310887,01W,2014,ZAR,7.676818181818178,7.85
310887,01W,2015,ZAR,9.544545454545453,9.6
310887,01W,2016,ZAR,8.547442748091603,8.65
311541,01W,2013,ZAR,11.347272727272726,12.2
311541,01W,2014,ZAR,11.081428571428567,10.95
311541,01W,2015,ZAR,11.302857142857144,11.2
311541,01W,2016,ZAR,10.464351145038167,10.76
312061,01W,2013,ZAR,10.343000000000004,10.05
312061,01W,2015,ZAR,9.964545454545457,9.8
312061,01W,2016,ZAR,9.255152671755738,8.0
312884,01W,2013,ZAR,7.12190476190476,7.0
312884,01W,2014,ZAR,6.771177272727274,6.88
312884,01W,2015,ZAR,9.594090909090909,10.0
312884,01W,2016,ZAR,11.19263358778625,12.75
313318,02W,2013,ZAR,8.943636363636365,7.5
313318,02W,2014,ZAR,7.394761904761905,7.9
313318,02W,2015,ZAR,11.118095238095242,11.14
313318,02W,2016,ZAR,9.331984732824427,9.0
313404,01W,2013,ZAR,6.6739999999999995,6.7
313404,01W,2014,ZAR,8.336333333333332,8.1958
313404,01W,2015,ZAR,9.465909090909092,9.5
313404,01W,2016,ZAR,9.317213740458023,8.98
313499,01W,2013,ZAR,0.5614999999999999,0.54
313499,01W,2014,ZAR,0.593,0.59
313499,01W,2015,ZAR,0.5960919540229881,0.65
313603,01W,2013,ZAR,21.96740952380953,24.0
313603,01W,2014,ZAR,25.019545454545458,23.99
313603,01W,2015,ZAR,21.709565217391308,23.0
313603,01W,2016,ZAR,32.47463601532565,39.88
314534,01W,2013,ZAR,9.95863636363636,9.82
314534,01W,2014,ZAR,12.820869565217391,13.22
314534,01W,2015,USD,0.9147962621843478,0.9561184482
314534,01W,2016,USD,0.9734917333212647,1.070281845
314654,01W,2013,ZAR,1.478,1.65
314654,01W,2014,ZAR,2.7933761904761902,2.78
314654,01W,2015,ZAR,4.594090909090909,4.58
314654,01W,2016,ZAR,3.788053435114506,2.07
316279,01W,2014,ZAR,17.830952380952382,17.72
316279,01W,2015,ZAR,22.865454545454543,22.2
316279,01W,2016,ZAR,20.096908396946564,18.81
316676,01W,2014,ZAR,10.911033333333334,12.9
316676,01W,2015,ZAR,14.425454545454546,14.5
316676,01W,2016,ZAR,19.036374045801523,24.0
317198,01W,2013,ZAR,8.628181818181817,8.51
317198,01W,2014,ZAR,9.866666666666667,9.9
317198,01W,2015,ZAR,8.16909090909091,8.08
317198,01W,2016,ZAR,7.996704980842925,7.6
317423,01W,2014,ZAR,8.64,8.5
317423,01W,2015,ZAR,7.36608695652174,7.3
317423,01W,2016,ZAR,7.328773946360164,7.0
317512,01W,2014,ZAR,2.4661904761904756,2.3
317512,01W,2015,ZAR,2.555454545454545,2.58
317512,01W,2016,ZAR,1.708181818181818,1.7
317512,01W,2017,ZAR,1.530574712643677,1.27
317814,01W,2014,ZAR,7.098999999999999,7.22
317814,01W,2015,ZAR,6.774761904761904,6.88
317814,01W,2016,ZAR,7.118812260536394,7.51
318215,01W,2014,ZAR,10.08,10.3
318215,01W,2015,ZAR,6.684347826086956,6.7
318215,01W,2016,ZAR,6.7790038314176275,6.43
318385,01W,2014,ZAR,6.958695652173911,7.2
318385,01W,2015,ZAR,17.366521739130434,17.4
318385,01W,2016,ZAR,12.864099616858235,9.99
318391,01W,2015,ZAR,3.2240909090909087,3.6
318391,01W,2016,ZAR,2.806450381679386,2.61
318455,01W,2015,ZAR,20.920909090909092,22.48
318455,01W,2016,ZAR,22.80473282442749,27.6
318727,01W,2014,ZAR,3.523636363636364,3.5
318727,01W,2015,USD,0.8650669347195651,0.9989297220000001
318727,01W,2016,USD,1.220367345103448,1.498394583
318745,01W,2014,ZAR,10.397,10.65
318745,01W,2015,ZAR,17.584285714285713,18.0
318745,01W,2016,ZAR,20.22482758620689,20.5
318799,01W,2014,ZAR,18.471,18.4
318799,01W,2015,ZAR,19.77961685823756,14.99
318806,01W,2014,ZAR,9.109999999999998,9.1
318806,01W,2015,ZAR,9.70238095238095,9.75
318806,01W,2016,ZAR,10.033333333333347,10.5
319477,01W,2014,ZAR,16.8,16.8
319477,01W,2015,ZAR,10.921739130434782,11.5
319477,01W,2016,ZAR,10.592528735632179,8.55
319788,01W,2015,ZAR,3.2776190476190474,3.58
319788,01W,2016,ZAR,2.9972413793103483,2.7
319911,01W,2015,ZAR,11.082272727272725,11.0
319911,01W,2016,ZAR,9.970305343511452,9.25
320485,01W,2016,ZAR,16.518537549407114,14.7
320495,01W,2015,ZAR,0.9473913043478259,0.96
320495,01W,2016,ZAR,0.9311494252873559,0.87
320620,01W,2016,ZAR,4.8644632768361635,4.89
320733,01W,2015,ZAR,9.163478260869564,9.35
320733,01W,2016,ZAR,10.276360153256704,11.0
321122,01W,2015,ZAR,13.921428571428573,14.0
321122,01W,2016,ZAR,13.84383141762451,12.65
321729,01W,2014,ZAR,1.9974999999999998,1.75
321729,01W,2015,ZAR,1.8999999999999992,1.9
321729,01W,2016,ZAR,1.9664122137404538,2.1
321730,01W,2016,ZAR,0.8545408163265316,0.7
321734,01W,2016,ZAR,39.26980392156864,39.7
322838,01W,2016,ZAR,22.91123287671233,23.98
